-- MySQL dump 10.13  Distrib 8.0.26, for Linux (x86_64)
--
-- Host: localhost    Database: normalization
-- ------------------------------------------------------
-- Server version	8.0.26-0ubuntu0.20.04.2

/*!40101 SET @OLD_CHARACTER_SET_CLIENT=@@CHARACTER_SET_CLIENT */;
/*!40101 SET @OLD_CHARACTER_SET_RESULTS=@@CHARACTER_SET_RESULTS */;
/*!40101 SET @OLD_COLLATION_CONNECTION=@@COLLATION_CONNECTION */;
/*!50503 SET NAMES utf8mb4 */;
/*!40103 SET @OLD_TIME_ZONE=@@TIME_ZONE */;
/*!40103 SET TIME_ZONE='+00:00' */;
/*!40014 SET @OLD_UNIQUE_CHECKS=@@UNIQUE_CHECKS, UNIQUE_CHECKS=0 */;
/*!40014 SET @OLD_FOREIGN_KEY_CHECKS=@@FOREIGN_KEY_CHECKS, FOREIGN_KEY_CHECKS=0 */;
/*!40101 SET @OLD_SQL_MODE=@@SQL_MODE, SQL_MODE='NO_AUTO_VALUE_ON_ZERO' */;
/*!40111 SET @OLD_SQL_NOTES=@@SQL_NOTES, SQL_NOTES=0 */;

--
-- Table structure for table `Funcionarios`
--

DROP TABLE IF EXISTS `Funcionarios`;
/*!40101 SET @saved_cs_client     = @@character_set_client */;
/*!50503 SET character_set_client = utf8mb4 */;
CREATE TABLE `Funcionarios` (
  `id` int NOT NULL AUTO_INCREMENT,
  `first_name` varchar(45) DEFAULT NULL,
  `last_name` varchar(45) DEFAULT NULL,
  `email` varchar(45) DEFAULT NULL,
  `telefone` bigint DEFAULT NULL,
  `create` date DEFAULT NULL,
  PRIMARY KEY (`id`)
) ENGINE=InnoDB AUTO_INCREMENT=5 DEFAULT CHARSET=utf8mb4 COLLATE=utf8mb4_0900_ai_ci;
/*!40101 SET character_set_client = @saved_cs_client */;

--
-- Dumping data for table `Funcionarios`
--

LOCK TABLES `Funcionarios` WRITE;
/*!40000 ALTER TABLE `Funcionarios` DISABLE KEYS */;
INSERT INTO `Funcionarios` VALUES (1,'Joseph','Rodrigues','jo@gmail.com	',359985521445,'2020-05-05'),(2,'André','Freeman','andre1990@gmail.com	',47995224996,'2020-02-05'),(3,'Cíntia','Duval','cindy@outlook.com',33998554669,'2020-05-05'),(4,'Fernanda','Mendes','fernandamendes@yahoo.com',33992001556,'2020-05-05');
/*!40000 ALTER TABLE `Funcionarios` ENABLE KEYS */;
UNLOCK TABLES;

--
-- Table structure for table `Funcionarios_Setor`
--

DROP TABLE IF EXISTS `Funcionarios_Setor`;
/*!40101 SET @saved_cs_client     = @@character_set_client */;
/*!50503 SET character_set_client = utf8mb4 */;
CREATE TABLE `Funcionarios_Setor` (
  `funcionarios_id` int NOT NULL,
  `setor_id` int NOT NULL,
  PRIMARY KEY (`funcionarios_id`,`setor_id`),
  KEY `setor_id` (`setor_id`),
  CONSTRAINT `Funcionarios_Setor_ibfk_1` FOREIGN KEY (`funcionarios_id`) REFERENCES `Funcionarios` (`id`),
  CONSTRAINT `Funcionarios_Setor_ibfk_2` FOREIGN KEY (`setor_id`) REFERENCES `Setor` (`id`)
) ENGINE=InnoDB DEFAULT CHARSET=utf8mb4 COLLATE=utf8mb4_0900_ai_ci;
/*!40101 SET character_set_client = @saved_cs_client */;

--
-- Dumping data for table `Funcionarios_Setor`
--

LOCK TABLES `Funcionarios_Setor` WRITE;
/*!40000 ALTER TABLE `Funcionarios_Setor` DISABLE KEYS */;
INSERT INTO `Funcionarios_Setor` VALUES (1,1),(1,2),(3,2),(4,2),(2,3),(3,3);
/*!40000 ALTER TABLE `Funcionarios_Setor` ENABLE KEYS */;
UNLOCK TABLES;

--
-- Table structure for table `Setor`
--

DROP TABLE IF EXISTS `Setor`;
/*!40101 SET @saved_cs_client     = @@character_set_client */;
/*!50503 SET character_set_client = utf8mb4 */;
CREATE TABLE `Setor` (
  `id` int NOT NULL AUTO_INCREMENT,
  `name` varchar(45) DEFAULT NULL,
  PRIMARY KEY (`id`)
) ENGINE=InnoDB AUTO_INCREMENT=6 DEFAULT CHARSET=utf8mb4 COLLATE=utf8mb4_0900_ai_ci;
/*!40101 SET character_set_client = @saved_cs_client */;

--
-- Dumping data for table `Setor`
--

LOCK TABLES `Setor` WRITE;
/*!40000 ALTER TABLE `Setor` DISABLE KEYS */;
INSERT INTO `Setor` VALUES (1,'Administação'),(2,'Vendas'),(3,'Operacional'),(4,'Estratégico'),(5,'Marketing');
/*!40000 ALTER TABLE `Setor` ENABLE KEYS */;
UNLOCK TABLES;
/*!40103 SET TIME_ZONE=@OLD_TIME_ZONE */;

/*!40101 SET SQL_MODE=@OLD_SQL_MODE */;
/*!40014 SET FOREIGN_KEY_CHECKS=@OLD_FOREIGN_KEY_CHECKS */;
/*!40014 SET UNIQUE_CHECKS=@OLD_UNIQUE_CHECKS */;
/*!40101 SET CHARACTER_SET_CLIENT=@OLD_CHARACTER_SET_CLIENT */;
/*!40101 SET CHARACTER_SET_RESULTS=@OLD_CHARACTER_SET_RESULTS */;
/*!40101 SET COLLATION_CONNECTION=@OLD_COLLATION_CONNECTION */;
/*!40111 SET SQL_NOTES=@OLD_SQL_NOTES */;

-- Dump completed on 2021-10-01 18:57:40
